{
    "$schema": "http://json.schemastore.org/template",
    "author": "Reqnroll",
    "classifications": ["Reqnroll", "Project"],
    "identity": "ReqnrollTemplates.DotNET.Project.Rider",
    "name": "Reqnroll Project",
    "shortName": "reqnrollproject",
    "tags": {
        "language": "C#",
        "type": "project"
    },
    "sourceName": "Template",
    "symbols": {
        "targetFramework": {
            "type": "parameter",
            "description": "Target Framework",
            "datatype": "choice",
            "defaultValue": "net6.0",
            "replaces": "$target$",
            "choices": [
                {
                    "choice": "net8.0",
                    "description": "net8.0"
                },                
                {
                    "choice": "net7.0",
                    "description": "net7.0"
                },                
                {
                    "choice": "net6.0",
                    "description": "net6.0"
                },                
                {
                    "choice": "net481",
                    "description": ".Net Framework v4.8.1"
                },
                {
                    "choice": "net48",
                    "description": ".Net Framework v4.8"
                },
                {
                    "choice": "net472",
                    "description": ".Net Framework v4.7.2"
                },
                {
                    "choice": "net471",
                    "description": ".Net Framework v4.7.1"
                },
                {
                    "choice": "net47",
                    "description": ".Net Framework v4.7"
                },
                {
                    "choice": "net462",
                    "description": ".Net Framework v4.6.2"
                }
            ]
        },
        "unitTestProvider": {
            "type": "parameter",
            "description": "Provider for Unit Tests",
            "datatype": "choice",
            "defaultValue": "nunit",
            "choices": [
                {
                    "choice": "nunit",
                    "description": "NUnit"
                },
                {
                    "choice": "xunit",
                    "description": "xUnit"
                },                
                {
                    "choice": "mstest",
                    "description": "MSTest"
                }
            ]
        },
        "includeFluentAssertions": {
            "type": "parameter",
            "datatype": "bool",
            "description": "Add FluentAssertions library",
            "defaultValue": "true"
        },
        "LangVersion": {
            "type": "generated",
            "generator": "switch",
            "replaces": "$langVersion$",
            "parameters": {
                "evaluator": "C++",
                "datatype": "string",
                "cases": [
                    {
                        "condition": "(targetFramework != 'net6.0')",
                        "value": "\r\n<LangVersion>10</LangVersion>"
                    }
                ]
            }
        },
        "ReqnrollNugetPackages": {
            "type": "generated",
            "generator": "switch",
            "replaces": "$ReqnrollNugetPackages$",
            "parameters": {
                "evaluator": "C++",
                "datatype": "string",
                "cases": [
                    {
                        "condition": "(unitTestProvider == 'xunit')",
                        "value": "<PackageReference Include=\"Reqnroll.xUnit\" Version=\"1.0.0\" />"
                    },
                    {
                        "condition": "(unitTestProvider == 'mstest')",
                        "value": "<PackageReference Include=\"Reqnroll.MsTest\" Version=\"1.0.0\" />"
                    },
                    {
                        "condition": "(unitTestProvider == 'nunit')",
                        "value": "<PackageReference Include=\"Reqnroll.NUnit\" Version=\"1.0.0\" />"
                    }
                ]
            }
        },
        "AdditionalNugetPackages": {
            "type": "generated",
            "generator": "switch",
            "replaces": "$additionalNugetPackages$",
            "parameters": {
                "evaluator": "C++",
                "datatype": "string",
                "cases": [
                    {
                        "condition": "(unitTestProvider == 'xunit')",
                        "value": "<PackageReference Include=\"xunit\" Version=\"2.4.1\" />\n    <PackageReference Include=\"xunit.runner.visualstudio\" Version=\"2.4.3\">\n    <PrivateAssets>all</PrivateAssets>\n        <IncludeAssets>runtime; build; native; contentfiles; analyzers; buildtransitive</IncludeAssets>\n    </PackageReference>"
                    },
                    {
                        "condition": "(unitTestProvider == 'mstest')",
                        "value": "<PackageReference Include=\"MSTest.TestAdapter\" Version=\"2.1.7\" />"
                    },
                    {
                        "condition": "(unitTestProvider == 'nunit')",
                        "value": "<PackageReference Include=\"nunit\" Version=\"3.13.2\" />\n    <PackageReference Include=\"NUnit3TestAdapter\" Version=\"4.1.0\" />"
                    }
                ]
            }
        },
        "FluentAssertionsNugetPackage": {
            "type": "generated",
            "generator": "switch",
            "replaces": "$fluentAssertionsNugetPackage$",
            "parameters": {
                "evaluator": "C++",
                "datatype": "string",
                "cases": [
                    {
                        "condition": "(includeFluentAssertions)",
                        "value": "<PackageReference Include=\"FluentAssertions\" Version=\"6.2.0\" />"
                    }
                ]
            }
        }
    }
}
